videoId,title,imgUrl,date,channelId,channelTitle,commentCount,viewCount,likeCount,description,category,getTime
iDDMDbvlRFk,【イタリアンの基本】これはメイン級！春キャベツのオーブン焼きの作り方。,https://i.ytimg.com/vi/iDDMDbvlRFk/hqdefault.jpg,2021-04-13T08:00:07Z,UCvYauD2OI_IH82SI9AJPEUA,出張料理人ジョルジョ,0,58,6,"分量
・春キャベツ　2分の1玉（約600g）
・じゃがいも　500g
・玉ねぎ　2分の1玉
・生クリーム　大2
・パルメザンチーズ　適量
・塩こしょう　適量
・オリーブオイル　適量
・水　100cc


今回は春キャベツの付け合わせをご紹介させていただきました。付け合わせといってもメイン級に美味しいのでキャベツ山盛り肉ちょっとみたいな割合で食べてもいいかもしれません！ぜひ作ってみてください。


おすすめ動画↓↓↓↓↓


【イタリアンの基本】ペストトラパネーゼの作り方。みんなが美味いと思う味です！ https://youtu.be/Sy8BLOFcyus


【イタリアンの基本】イタリアン好きなら作ってみて！レバーペーストの作り方。イタリアンレシピを覚えよう！ https://youtu.be/c9uhoBeCGCw

【イタリアンの基本】アスパラとラクレットチーズ入りフリッタータの作り方。基本をマスターしよう！ https://youtu.be/3iLaad0Znhc

【イタリアンの基本】アンチョビバターソースのスパゲッティーの作り方。何度も食べたくなる味なんです。 https://youtu.be/T4HdWCo1saI

【イタリアンの基本】イカスミパスタの作り方。イタリアンレシピ公開！ https://youtu.be/BL5WIcVD67g







こんにちは！出張料理人のジョルジョです。
僕はリストランテアゼータとゆう出張料理専門店をしています。
このチャンネルでは僕が普段出張料理で作っている料理やご家庭のキッチン、調理器具で簡単に作れる料理とそのポイントも詳しくご紹介しています。毎回見ていただくことでイタリア料理の腕がグンと上がることでしょう！さぁ、今日からイタリアンな毎日始めましょう！
動画は毎週火曜金曜17時アップ！

お問い合わせ、お仕事依頼先
pranzoaz＠gmail.com

#春キャベツ
#おうちでレストラン
#イタリアンレシピ

インスタURL
https://www.instagram.com/giorgio10032020

https://www.instagram.com/ristoranteaz",イタリアン,2021-11-12 19:57:32
CdPJ3tEFqYE,【神戸　ハーバーランドグルメ】イタリア人シェフが作る本格イタリアンランチ！inモザイク　オステリアガウダンテ　　[Kobe hyohgo japanes food] Italian lunch,https://i.ytimg.com/vi/CdPJ3tEFqYE/hqdefault.jpg,2021-11-12T06:24:49Z,UC_nuADt9_yJvehZDCyF2zeA,神戸グルメ主婦?Kobe Hyogo Japan food LIFE?,0,130,0,"＃神戸グルメ＃ハーバーランドグルメ＃モザイクグルメ＃神戸ランチ

食べログ
https://tabelog.com/hyogo/A2801/A280102/28025850/",イタリアン,2021-11-12 19:57:32
